Date,Close,Volume,Open,High,Low
1/3/2012,663.59,"7,380,500",325.25,332.83,324.97
1/4/2012,666.45,"5,749,400",331.27,333.87,329.08
1/5/2012,657.21,"6,590,300",329.83,330.75,326.89
1/6/2012,648.24,"5,405,900",328.34,328.77,323.68
1/9/2012,620.76,"11,688,800",322.04,322.29,309.46
1/10/2012,621.43,"8,824,000",313.7,315.72,307.3
1/11/2012,624.25,"4,817,800",310.59,313.52,309.4
1/12/2012,627.92,"3,764,400",314.43,315.26,312.08
1/13/2012,623.28,"4,631,800",311.96,312.3,309.37
1/17/2012,626.86,"3,832,800",314.81,314.81,311.67
1/18/2012,631.18,"5,544,000",312.14,315.82,309.9
1/19/2012,637.82,"12,657,800",319.3,319.3,314.55
1/20/2012,584.39,"21,231,800",294.16,294.4,289.76
1/23/2012,583.92,"6,851,300",291.91,293.23,290.49
1/24/2012,579.34,"6,134,400",292.07,292.74,287.92
1/25/2012,567.93,"10,012,700",287.68,288.27,282.13
1/26/2012,566.54,"6,476,500",284.92,286.17,281.22
1/27/2012,578.39,"7,262,000",284.32,289.08,283.6
1/30/2012,576.11,"4,678,400",287.95,288.92,285.63
1/31/2012,578.52,"4,300,700",290.41,290.91,286.5
2/1/2012,579.24,"4,658,700",291.38,291.66,288.49
2/2/2012,583.51,"4,847,400",291.34,292.11,289.95
2/3/2012,594.7,"6,360,700",294.23,297.42,292.93
2/6/2012,607.42,"7,386,700",296.39,304.27,295.9
2/7/2012,605.11,"4,199,700",302.44,303.56,300.75
2/8/2012,608.18,"3,686,400",303.18,304.53,301.24
2/9/2012,609.79,"4,546,300",304.87,306.1,303.36
2/10/2012,604.25,"4,667,700",302.81,302.93,300.87
2/13/2012,610.52,"3,646,100",304.11,305.77,303.87
2/14/2012,608.09,"3,620,900",304.63,304.86,301.25
2/15/2012,603.9,"4,869,900",305.32,305.32,300.15
2/16/2012,604.86,"5,080,700",300.28,303.27,297.75
2/17/2012,602.98,"4,916,400",301.36,302.68,300.08
2/21/2012,612.32,"4,980,100",300.81,307.79,300.31
2/22/2012,606.28,"3,948,700",304.84,307.24,302.22
2/23/2012,604.45,"4,125,300",302.37,302.83,299.05
2/24/2012,608.23,"3,885,600",302.54,304.68,301.62
2/27/2012,607.64,"3,641,300",302.16,305.04,301.4
2/28/2012,616.7,"5,716,400",303.86,308.73,302.71
2/29/2012,616.56,"6,297,200",308.14,311.63,306.6
3/1/2012,620.7,"4,492,000",309.97,311.68,307.92
3/2/2012,619.55,"3,158,300",309.84,310.83,309
3/5/2012,612.57,"3,198,400",309.06,310.08,304.55
3/6/2012,603.3,"6,372,500",302.89,303.27,295.81
3/7/2012,605.14,"2,538,400",303.39,304.45,301.8
3/8/2012,605.48,"2,700,900",303.88,304.61,302.04
3/9/2012,598.61,"5,361,100",302.84,304.81,298.88
3/12/2012,603.49,"3,350,400",298.88,302.37,298.51
3/13/2012,616.09,"4,508,300",303.24,307.77,301.64
3/14/2012,614.3,"5,895,700",306.35,310.23,305.58
3/15/2012,619.43,"4,888,300",307.15,310.59,306.27
3/16/2012,623.33,"6,123,800",309.29,311.79,308.87
3/19/2012,632.24,"4,361,800",310.4,317.45,309.46
3/20/2012,631.76,"3,092,400",314.28,316.84,312.46
3/21/2012,638.23,"4,957,600",316.12,322.49,315.07
3/22/2012,644.28,"4,838,400",318.06,323.19,314.32
3/23/2012,640.83,"3,894,800",322.09,323.04,319.25
3/26/2012,647.55,"3,651,900",321.3,323.53,318.58
3/27/2012,645.25,"4,029,400",322.31,325.53,321.2
3/28/2012,653.96,"5,096,700",324.8,328.07,324.32
3/29/2012,646.63,"3,862,900",325.5,327.07,320.95
3/30/2012,639.48,"4,638,700",324.66,325.52,319.3
4/2/2012,645.15,"4,585,400",319.19,322.54,316.23
4/3/2012,640.86,"4,105,000",321.5,322.77,318.13
4/4/2012,633.41,"3,267,300",318.03,318.31,314.37
4/5/2012,630.59,"4,654,700",314.94,317.03,313.11
4/9/2012,629.11,"4,381,600",313.07,316.48,311.48
4/10/2012,625.14,"4,982,500",315.58,316.07,311.11
4/11/2012,634.22,"4,414,300",315.8,316.81,314.47
4/12/2012,649.23,"11,556,300",319.98,325.35,318.93
4/13/2012,622.89,"16,379,700",322.57,323.28,310.61
4/16/2012,604.41,"11,426,700",310.34,310.74,299.71
4/17/2012,607.9,"6,070,400",303.14,307.69,302.37
4/18/2012,605.79,"5,358,900",302.89,305.26,300.28
4/19/2012,597.66,"6,613,800",301.71,306.98,298.38
4/20/2012,594.43,"6,139,700",301,303.29,296.8
4/23/2012,595.96,"4,411,900",295.34,298.11,294
4/24/2012,599.62,"3,872,600",298,302.18,297.54
4/25/2012,608.05,"3,655,800",300.87,304.53,300.31
4/26/2012,613.78,"4,200,600",304.31,307.85,303.71
4/27/2012,613.3,"3,284,900",306.36,307.22,304.16
4/30/2012,603.19,"4,832,600",305.35,306.89,299.18
5/1/2012,602.78,"4,019,600",300.77,304.66,298.97
5/2/2012,605.6,"3,235,000",299.48,302.92,299.18
5/3/2012,609.35,"3,749,900",303.67,306.27,303.34
5/4/2012,595.34,"4,431,300",301.83,302.81,297.29
5/7/2012,605.89,"4,003,800",296.39,304.14,296.39
5/8/2012,611.11,"5,374,600",301.63,307.3,299.23
5/9/2012,607.48,"4,675,000",302.28,307.04,299.78
5/10/2012,611.98,"3,083,200",305.34,306.94,303.98
5/11/2012,603.57,"4,214,400",304.04,306.13,301.26
5/14/2012,602.35,"3,662,400",299.27,303.11,299.17
5/15/2012,609.44,"4,219,900",301.54,306.35,300.75
5/16/2012,627.21,"9,706,300",307.83,313.87,306.82
5/17/2012,621.34,"6,732,700",315.73,317.73,309.46
5/18/2012,598.76,"11,991,700",311.38,315.03,297.24
5/21/2012,612.43,"6,173,800",299.13,306.7,298.88
5/22/2012,599.16,"6,126,600",305.57,305.76,296.89
5/23/2012,607.79,"6,379,900",299.7,303.66,297.45
5/24/2012,602.01,"3,796,600",303.44,304.82,298.32
5/25/2012,589.91,"7,190,500",299.38,299.74,293.04
5/29/2012,592.71,"5,230,900",296.79,298.45,293.06
5/30/2012,586.62,"3,827,600",292.98,294.84,290.68
5/31/2012,579.27,"5,958,800",293.26,293.9,288.42
6/1/2012,569.42,"6,138,700",284.83,285.26,283.11
6/4/2012,577.01,"4,883,500",284.05,289.16,283.94
6/5/2012,568.85,"4,697,200",286.65,287.99,282.18
6/6/2012,578.98,"4,207,200",287.16,289.9,285.73
6/7/2012,576.65,"3,530,100",292.7,292.85,287.55
6/8/2012,578.86,"2,831,300",286.85,289.42,286.22
6/11/2012,566.94,"5,342,100",291.01,291.57,282.29
6/12/2012,563.55,"6,472,500",283.82,284.09,278.25
6/13/2012,559.55,"3,923,000",279.81,282.44,278.3
6/14/2012,557.52,"4,707,200",279.6,281.48,277.22
6/15/2012,562.96,"6,024,800",279.12,281.21,277.5
6/18/2012,569.29,"5,012,400",280.26,286.03,278.58
6/19/2012,579.94,"4,167,900",285.72,291.05,285.49
6/20/2012,575.93,"4,710,800",288.82,288.92,285.68
6/21/2012,563.66,"4,037,600",288.84,288.84,280.81
6/22/2012,569.92,"4,472,400",282.94,284.67,281.85
6/25/2012,559.16,"3,174,900",282.61,282.98,277.63
6/26/2012,563.13,"2,710,500",280.33,282.24,278.7
6/27/2012,567.74,"3,397,200",282.79,285.92,281.95
6/28/2012,562.76,"3,856,100",281.89,282.06,277.56
6/29/2012,578.48,"5,057,800",286.41,288.98,285.03
7/2/2012,578.88,"3,323,300",289.82,290.41,287.17
7/3/2012,586.22,"2,387,800",288.92,293.11,287.92
7/5/2012,594.29,"4,709,200",293.28,298.91,293.17
7/6/2012,584.38,"4,339,700",295.12,295.65,290.32
7/9/2012,584.41,"3,443,000",291.38,293.2,289.54
7/10/2012,580.11,"3,860,500",293.99,295.11,288.29
7/11/2012,569.63,"7,024,700",287.07,287.85,281.42
7/12/2012,568.92,"4,636,800",282.5,284.9,280
7/13/2012,574.94,"3,966,700",285.01,288.49,283.21
7/16/2012,573.35,"2,936,100",287.11,288.51,284.82
7/17/2012,575.15,"3,372,700",288.14,289.25,283.14
7/18/2012,579.17,"3,107,900",287.41,290.76,286.99
7/19/2012,591.44,"9,384,300",291.98,298.12,291.91
7/20/2012,609.15,"12,975,800",303.24,305.33,297.97
7/23/2012,613.82,"7,150,000",299.12,308.02,298.01
7/24/2012,605.91,"4,033,800",306.35,307.81,301.04
7/25/2012,606.33,"3,659,600",303.02,305.54,301.55
7/26/2012,611.68,"3,382,900",306.35,307.28,303.88
7/27/2012,633.22,"7,125,900",308.29,316.31,307.6
7/30/2012,630.57,"4,389,700",316.84,320.1,313.57
7/31/2012,631.24,"3,745,100",312.96,317.06,312.94
8/1/2012,630.95,"3,702,900",317.46,318.56,314.51
8/2/2012,627.03,"3,970,100",311.59,317.82,310.54
8/3/2012,639.57,"3,808,300",318.81,320.66,316.88
8/6/2012,641.06,"3,578,000",318.61,323.48,318.42
8/7/2012,638.79,"3,978,300",319.7,320.93,317.05
8/8/2012,640.47,"2,654,200",318.33,321.73,318.06
8/9/2012,640.59,"2,148,500",321.05,321.98,319.56
8/10/2012,640.24,"2,879,800",318.1,319.92,316.88
8/13/2012,658.2,"6,560,200",322.5,328.84,322.13
8/14/2012,666.83,"7,350,800",328.39,335.17,328.27
8/15/2012,665.71,"4,839,400",333.89,335.87,330.81
8/16/2012,671.03,"3,448,200",332.51,336.06,332.29
8/17/2012,675.29,"4,371,600",335.8,337.36,334.6
8/20/2012,673.69,"3,529,300",336.49,338.17,335.07
8/21/2012,667.68,"4,461,000",335.3,337.73,329.85
8/22/2012,675.33,"3,832,600",332.44,339.03,332.11
8/23/2012,674.95,"3,581,700",335.88,338.97,334.25
8/24/2012,676.77,"2,863,800",336.54,338.95,335.78
8/27/2012,667.39,"5,246,900",330.26,334.75,328.39
8/28/2012,675.4,"4,132,600",331.26,337.54,331.13
8/29/2012,686.13,"6,002,900",337.42,343.21,336.81
8/30/2012,679.81,"3,265,900",340.84,342.41,338.82
8/31/2012,683.21,"4,270,000",340.72,343,338.75
9/4/2012,679.18,"3,793,200",341,341.22,335.49
9/5/2012,678.86,"3,429,100",338.73,341.97,338.3
9/6/2012,697.49,"6,109,700",341.7,348.64,341.09
9/7/2012,704.22,"6,490,100",348.69,354.8,347.53
9/10/2012,698.85,"5,139,100",353.55,355.07,347.89
9/11/2012,690.29,"3,761,500",347.68,349.02,344.21
9/12/2012,688.99,"5,304,300",343.42,346.16,339.17
9/13/2012,704.11,"5,337,900",345.25,353.18,343.98
9/14/2012,707.74,"5,256,500",353.48,355.17,352.18
9/17/2012,708.04,"3,027,800",352.73,355.11,351.18
9/18/2012,716.31,"4,149,000",352.57,357.99,352.07
9/19/2012,725.51,"6,219,700",357.41,362.92,356.87
9/20/2012,726.13,"5,836,500",360.88,364.32,359.26
9/21/2012,731.98,"12,765,800",364.74,366.09,363.7
9/24/2012,747.33,"7,154,200",364.14,373.62,363.76
9/25/2012,747.11,"12,162,400",375.12,381.02,372.43
9/26/2012,751.4,"11,388,200",373.52,379.2,369.12
9/27/2012,754.43,"7,891,600",378.56,380,374.42
9/28/2012,752.43,"5,587,700",375.67,378.23,374.17
10/1/2012,759.69,"6,359,700",378.11,381.07,376.69
10/2/2012,754.92,"5,601,200",381.17,381.56,373.73
10/3/2012,760.41,"4,433,100",376.45,380.53,374.7
10/4/2012,765.95,"4,926,700",379.95,383.51,378.28
10/5/2012,765.55,"5,492,200",383.92,385.74,381.08
10/8/2012,755.77,"3,931,800",379.08,380.36,375.67
10/9/2012,742.05,"6,028,900",378.42,379.24,369.88
10/10/2012,742.52,"4,095,000",369.54,372.37,367.77
10/11/2012,749.42,"4,785,600",375.04,377.83,373.74
10/12/2012,742.71,"4,826,400",374.52,376.03,370.66
10/15/2012,738.95,"6,060,700",369.58,370.53,363.99
10/16/2012,742.66,"4,131,800",368.68,372.1,366.85
10/17/2012,753.42,"4,602,900",370.59,376.76,368.75
10/18/2012,693.1,"24,977,900",376.36,378.29,336.74
10/19/2012,679.92,"23,050,400",351.47,352.03,334.75
10/22/2012,676.81,"8,141,500",339.23,341.04,333.6
10/23/2012,678.49,"5,855,000",334.75,342.38,334.75
10/24/2012,675.45,"5,011,600",342.12,342.22,336.37
10/25/2012,675.9,"4,820,100",338.73,339.73,335.5
10/26/2012,673.3,"3,916,200",336.99,340.24,334.35
10/31/2012,678.44,"3,085,400",338.66,339.23,336.24
11/1/2012,685.71,"4,115,500",338.48,344.16,338.09
11/2/2012,686.04,"4,666,100",346.1,346.48,342.4
11/5/2012,681.09,"3,283,900",340.97,342.15,336.52
11/6/2012,679.85,"3,177,300",341.46,341.97,337.51
11/7/2012,665.29,"4,481,200",336.24,337.85,332
11/8/2012,650.5,"5,213,300",333.85,334.49,324.4
11/9/2012,661.21,"6,251,500",326.1,332.92,323.94
11/12/2012,664.08,"2,822,300",330.64,333.65,329.2
11/13/2012,657.25,"3,200,200",330.26,332.55,327.89
11/14/2012,650.76,"3,349,200",329.1,329.85,324.04
11/15/2012,645.49,"3,711,500",323.79,328.77,320.75
11/16/2012,645.41,"6,902,000",321.79,325.29,316.81
11/19/2012,666.38,"4,754,100",326.63,333.21,326.54
11/20/2012,668.14,"4,192,900",333.5,337.73,331.04
11/21/2012,664.05,"4,240,200",333.25,333.65,328.97
11/23/2012,666.14,"1,851,800",333.73,333.75,331.81
11/26/2012,659.34,"4,425,700",331.98,332.25,328.28
11/27/2012,668.87,"5,036,100",328.85,336.24,327.77
11/28/2012,681.8,"6,106,700",332.76,341.18,330.71
11/29/2012,690,"5,573,700",342.61,345.65,339.73
11/30/2012,696.46,"6,350,800",344.36,348.3,341.56
12/3/2012,693.35,"4,401,300",349.81,351.63,345.76
12/4/2012,689.14,"3,998,200",346.2,346.46,341.57
12/5/2012,685.94,"3,738,700",344.78,345.95,339.89
12/6/2012,689.24,"2,935,500",342.51,346.51,340.98
12/7/2012,682.34,"3,852,900",346.2,347.14,339.94
12/10/2012,683.54,"2,743,600",341.42,344.53,340.62
12/11/2012,694.97,"5,395,200",343.71,349.65,342.58
12/12/2012,695.65,"4,870,100",348.31,350.44,345.45
12/13/2012,700.78,"6,915,500",356.62,356.9,348.47
12/14/2012,700.04,"4,276,100",348.28,352.59,347.91
12/17/2012,718.81,"6,093,400",351.43,359.61,350.7
12/18/2012,719.1,"6,032,300",356.96,363.19,356.19
12/19/2012,718.14,"3,851,500",359.01,360.15,357
12/20/2012,720.38,"3,326,400",360.28,360.97,357.15
12/21/2012,713.67,"7,078,300",355.65,358.07,353.93
12/24/2012,707.56,"1,688,000",355.92,356.25,352.41
12/26/2012,706.93,"2,373,500",352.71,355.11,349.89
12/27/2012,704.36,"3,307,000",352.25,353.1,348
12/28/2012,698.09,"2,814,500",349.53,352.14,348.7
12/31/2012,705.44,"4,009,600",348.69,353.96,346.7
1/2/2013,721.27,"5,101,500",358.37,362.14,356.94
1/3/2013,721.69,"4,653,700",361.11,364.6,359.01
1/4/2013,735.95,"5,547,600",363.31,369.35,362.48
1/7/2013,732.74,"3,323,800",366.35,368.31,363.93
1/8/2013,731.29,"3,364,700",366.4,366.78,360.86
1/9/2013,736.1,"4,064,500",364.77,367.8,362.94
1/10/2013,739.45,"3,685,000",370.03,371.11,365.38
1/11/2013,737.96,"2,579,900",369.61,369.83,366.78
1/14/2013,721.27,"5,749,200",367.12,369.71,359.83
1/15/2013,722.95,"7,884,700",358.32,366.13,354.72
1/16/2013,713.23,"4,061,900",359.85,360.82,355.5
1/17/2013,709.37,"4,439,500",357.51,358.48,354.18
1/18/2013,702.58,"6,477,700",353.85,355.05,349.36
1/22/2013,700.95,"7,613,100",351.01,351.35,346.46
1/23/2013,739.47,"11,862,400",366.62,373.1,366.52
1/24/2013,752.15,"6,790,600",369.24,377,368.87
1/25/2013,751.61,"4,468,400",373.98,377.82,373.72
1/28/2013,748.67,"3,266,300",374.48,376.39,372.55
1/29/2013,751.62,"3,507,200",371.98,377.06,371.88
1/30/2013,751.77,"3,478,900",375.46,379.05,375.05
1/31/2013,753.62,"3,280,500",373.85,377.4,373.72
2/1/2013,773.48,"7,520,100",377.68,386.85,377.63
2/4/2013,756.94,"6,103,700",382.41,383.8,377.72
2/5/2013,763.64,"3,755,300",379.14,384.12,378.32
2/6/2013,768.06,"4,171,700",378.12,385.04,377.83
2/7/2013,771.83,"5,701,600",383.41,387.95,381.32
2/8/2013,783.22,"6,062,700",388.61,391.87,388.32
2/11/2013,780.28,"4,351,800",387.75,390.04,385.43
2/12/2013,778.56,"3,731,900",389.42,392.48,388.23
2/13/2013,780.72,"2,405,200",388.61,391.21,388.53
2/14/2013,785.66,"3,483,500",388.41,392.9,387.43
2/15/2013,790.72,"5,480,000",392.23,395.15,392.07
2/19/2013,804.64,"5,885,500",396.51,401.99,396.16
2/20/2013,790.29,"5,549,000",401.15,402.97,394.42
2/21/2013,793.35,"7,039,000",397.51,401.22,394.13
2/22/2013,797.52,"4,123,100",398.14,399.13,395.42
2/25/2013,788.6,"4,625,000",399.65,402.7,393.77
2/26/2013,787.97,"4,421,500",396.02,396.49,390.74
2/27/2013,797.59,"4,067,300",395.92,400.87,394.08
2/28/2013,799.01,"4,548,500",399.05,401.99,399.02
3/1/2013,803.98,"4,367,000",397.41,402.06,396.59
3/4/2013,819.25,"5,571,900",401.15,409.88,401
3/5/2013,836.3,"8,118,400",412.92,418.51,412.9
3/6/2013,829.1,"5,767,400",418.94,420.42,412.86
3/7/2013,830.32,"4,120,700",415.47,416.75,413.24
3/8/2013,829.24,"5,845,600",415.69,415.9,410.98
3/11/2013,832.53,"3,201,200",414.29,418.28,414.2
3/12/2013,825.34,"4,031,600",413.8,414.39,410.3
3/13/2013,823.05,"3,294,800",412.4,413.79,409.62
3/14/2013,819.29,"3,314,700",411.95,411.95,407.17
3/15/2013,812.07,"6,222,500",407.72,408.62,405.15
3/18/2013,805.58,"3,690,300",401,404.86,399.24
3/19/2013,809.1,"4,212,000",404.11,408.1,401.72
3/20/2013,812.48,"2,938,500",406.89,407.23,404.2
3/21/2013,809.04,"2,966,200",404.13,406.93,403.41
3/22/2013,808.09,"2,987,400",405.85,406.1,403.31
3/25/2013,807.42,"3,436,800",404.69,408.09,401.9
3/26/2013,810.2,"2,392,600",405.23,405.48,402.39
3/27/2013,800.46,"4,342,500",401.83,401.99,399.17
3/28/2013,792.02,"4,592,600",400.49,401.18,395.17
4/1/2013,799,"3,628,100",396.02,399.63,395.14
4/2/2013,810.81,"4,098,200",400.77,405.89,400.5
4/3/2013,803.99,"3,489,900",405.21,405.58,398.84
4/4/2013,792.89,"4,913,400",400.62,401.37,394.17
4/5/2013,780.91,"6,893,400",391.56,392.03,386.75
4/8/2013,772.73,"5,685,300",387.92,388.32,382.77
4/9/2013,775.52,"4,330,700",386.3,390.41,385.11
4/10/2013,788.02,"3,971,900",390,394.7,386.55
4/11/2013,788.23,"4,072,500",394.96,395.07,390.57
4/12/2013,787.89,"3,285,500",394.52,394.57,390
4/15/2013,779.79,"4,924,500",391.51,397.01,387.06
4/16/2013,791.2,"3,496,900",391.83,396.51,390.5
4/17/2013,780.42,"4,089,100",391.91,393.94,387.6
4/18/2013,763.81,"6,669,800",391.21,391.43,379.21
4/19/2013,797.68,"11,649,800",383.14,400.22,381.7
4/22/2013,797.92,"5,788,300",398.81,400.48,386.05
4/23/2013,805.69,"4,601,600",399,406.23,398.69
4/24/2013,811.22,"3,671,800",402.55,407.47,402.49
4/25/2013,806.88,"3,999,200",406.6,406.71,402.31
4/26/2013,799.23,"4,993,900",402.29,402.36,396.8
4/29/2013,816.82,"4,618,800",400.13,409.81,400
4/30/2013,822.31,"4,630,600",407.97,412.27,407.31
5/1/2013,818.18,"2,920,800",410.09,410.82,406.66
5/2/2013,827.34,"4,051,600",408.52,415.72,408
5/3/2013,843.4,"5,044,000",416.92,421.82,416.44
5/6/2013,859.19,"4,298,500",422.55,429.32,422.55
5/7/2013,854.88,"3,932,600",429.89,430.32,423.75
5/8/2013,871.24,"4,955,000",426.9,435.31,424.86
5/9/2013,869.09,"4,417,600",433.79,438.19,432.49
5/10/2013,877.82,"3,809,500",436.02,438.63,434.45
5/13/2013,875.13,"2,907,700",437.8,439.59,435.06
5/14/2013,884.67,"3,170,300",437.11,442.69,436.93
5/15/2013,913.38,"8,001,600",446.08,456.48,445.34
5/16/2013,901.4,"6,443,200",457.78,458.27,449.32
5/17/2013,906.69,"5,604,800",453.31,455.04,448.58
5/20/2013,906.04,"4,562,300",450.81,458.58,450.81
5/21/2013,904.49,"3,980,700",452.31,454.13,447.13
5/22/2013,886.98,"5,140,300",449.59,452.96,441.78
5/23/2013,880.37,"4,567,200",436.86,443.32,435.37
5/24/2013,870.93,"4,610,700",436,437.77,433.88
5/28/2013,878.86,"4,531,900",440.1,444.4,438.56
5/29/2013,865.93,"4,041,800",436.22,437.36,430.53
5/30/2013,868.38,"4,257,200",433.34,437.81,431.59
5/31/2013,868.83,"3,953,500",432.44,436.86,432.14
6/3/2013,865.25,"4,969,900",434.87,435.35,425.91
6/4/2013,856.75,"3,751,100",432.3,433.67,425.44
6/5/2013,857.35,"4,229,300",429.64,433.1,426.96
6/6/2013,862.27,"5,177,400",430.54,431.55,422.03
6/7/2013,877.32,"5,369,200",433.58,438.36,431.04
6/10/2013,887.78,"4,693,000",439.4,443.84,438.4
6/11/2013,877.4,"3,528,300",440.33,441.84,438.12
6/12/2013,869.59,"4,426,100",441.08,441.35,433.2
6/13/2013,874.6,"4,155,200",432.87,438.19,431.13
6/14/2013,872.64,"4,506,700",438.41,440.7,435.43
6/17/2013,883.82,"4,308,500",437.97,443.05,437.5
6/18/2013,898.15,"4,350,000",442.67,448.82,442.52
6/19/2013,898.21,"5,853,600",449,453.72,447.07
6/20/2013,882.32,"6,769,200",445.33,448.82,440.01
6/21/2013,878.52,"7,994,300",442.51,443.28,434.9
6/24/2013,867.41,"6,056,300",434.31,436.52,430.01
6/25/2013,863.83,"5,125,500",436.99,438.2,430.64
6/26/2013,871.26,"3,676,400",435.24,437.36,433.66
6/27/2013,874.67,"3,867,300",437.76,440.69,436.69
6/28/2013,877.96,"4,716,100",435.82,439.27,435.46
7/1/2013,885.45,"3,462,400",441.57,444.37,440.85
7/2/2013,879.89,"3,797,000",443.44,443.84,437
7/3/2013,884,"2,101,700",438.31,442.92,437.61
7/5/2013,891.04,"3,416,500",443.34,446.03,442.01
7/8/2013,902.61,"3,953,700",447.93,451.44,446.87
7/9/2013,902.76,"3,973,500",453.8,454.77,447.31
7/10/2013,903.51,"3,429,500",450.04,453.87,448.51
7/11/2013,917.72,"5,187,700",454.8,458.69,452.56
7/12/2013,920.47,"5,155,600",458.28,459.78,455.91
7/15/2013,922.16,"3,935,600",460.42,462.27,456.47
7/16/2013,917.09,"3,980,700",461.83,462.25,455.24
7/17/2013,916.04,"3,023,400",458.78,461.7,456.44
7/18/2013,908.19,"7,296,100",457.78,458.28,449.91
7/19/2013,894.15,"14,773,700",441.65,449.79,436.17
7/22/2013,908.21,"5,828,100",449.32,454.63,446.83
7/23/2013,901.33,"4,106,600",453.65,454.8,448.11
7/24/2013,900.43,"4,172,500",451.94,453.45,448.67
7/25/2013,885.27,"6,024,600",445.27,446.75,441.39
7/26/2013,882.93,"3,568,600",441.84,443.33,439.35
7/29/2013,879.85,"3,797,800",440.8,445.74,438.8
7/30/2013,888.48,"3,524,300",441.08,446.13,438.79
7/31/2013,885.32,"4,363,200",444.83,446.58,441.44
8/1/2013,901.74,"4,292,700",445.83,450.59,445.83
8/2/2013,904.09,"3,440,600",450.03,451.81,448.73
8/5/2013,902.52,"2,629,100",451,451.07,447.92
8/6/2013,894.12,"3,023,400",450.66,453.16,446.19
8/7/2013,888.21,"2,768,600",445.85,447.55,442.88
8/8/2013,890.22,"2,987,000",446.07,446.25,440.99
8/9/2013,887.97,"2,657,200",443.62,446.09,443.34
8/12/2013,883.09,"2,764,200",441.79,441.84,439.18
8/13/2013,878.84,"2,850,200",441.76,442.59,436.46
8/14/2013,867.43,"4,179,900",437.54,438.47,431.96
8/15/2013,857.31,"3,752,300",430.61,430.85,427.4
8/16/2013,854.56,"3,362,700",429.03,429.61,426.67
8/19/2013,863.28,"3,635,300",427.25,434.37,427.12
8/20/2013,863.05,"2,475,100",432.55,434.43,430.16
8/21/2013,866.95,"3,527,700",433.7,436.82,431.63
8/22/2013,871.32,"1,746,200",434.72,435.74,433.5
8/23/2013,867.83,"2,162,200",437.28,437.36,433.25
8/26/2013,864.02,"2,112,800",433.38,435.82,431.41
8/27/2013,847.82,"3,481,100",428.2,430.25,422.37
8/28/2013,846.23,"2,669,700",423.54,426.11,422.3
8/29/2013,853.09,"2,968,000",422.95,428.58,422.71
8/30/2013,844.58,"3,737,100",426.28,427.42,421.2
9/3/2013,858.02,"4,110,400",425.58,431.48,425.38
9/4/2013,869.24,"4,097,600",428.57,435.12,425.99
9/5/2013,877.15,"2,592,100",435.12,438.3,434.18
9/6/2013,877.17,"3,134,800",439.57,440.24,435.24
9/9/2013,885.62,"2,478,300",440.21,443.21,439.56
9/10/2013,886.24,"2,584,700",443.35,444.33,440.35
9/11/2013,893.74,"3,233,200",442.61,446.81,441.39
9/12/2013,890.61,"2,199,100",447.02,447.27,443.34
9/13/2013,886.64,"2,660,600",445.58,446.17,440.77
9/16/2013,885.33,"2,682,900",446.43,446.83,440.78
9/17/2013,883.68,"2,528,200",442.05,442.54,438.86
9/18/2013,900.85,"3,883,800",441.52,450.3,439.89
9/19/2013,895.93,"3,207,600",451.3,451.3,446.03
9/20/2013,900.64,"8,723,000",447.52,450.38,446.14
9/23/2013,884.07,"3,568,000",446.4,449.11,440.95
9/24/2013,884.41,"2,984,600",441.59,443.39,439.05
9/25/2013,874.83,"3,310,200",441.62,441.62,436.17
9/26/2013,875.77,"2,529,200",437.51,439.73,435.87
9/27/2013,873.99,"2,527,000",435.78,437.12,434.03
9/30/2013,873.51,"3,457,600",432.92,438.78,432.53
10/1/2013,884.57,"3,382,100",438.48,442.18,438.38
10/2/2013,885.56,"3,001,700",439.72,443.02,437.27
10/3/2013,873.69,"4,249,800",442.34,445.38,434.42
10/4/2013,869.96,"2,726,100",435.87,437.12,433.38
10/7/2013,863.37,"2,596,800",432.11,435.36,430.44
10/8/2013,851.33,"3,901,800",431.04,431.37,424.22
10/9/2013,853.52,"5,322,400",426.54,429.71,419.92
10/10/2013,865.86,"4,527,400",430.31,432.79,428.5
10/11/2013,869.6,"2,828,300",431.4,435.11,431.03
10/14/2013,873.71,"2,496,400",431.71,436.49,431.08
10/15/2013,879.6,"3,195,600",436.24,441.16,435.37
10/16/2013,895.57,"4,030,200",441.28,447.49,440.35
10/17/2013,886.36,"8,545,000",444.83,446.78,441.21
10/18/2013,"1,008.64","23,219,400",486.47,505.83,485.18
10/21/2013,"1,000.55","7,283,700",503.84,507.6,497.91
10/22/2013,"1,004.24","4,433,700",500.62,504.61,496.04
10/23/2013,"1,028.59","5,346,300",498.63,515.44,498.45
10/24/2013,"1,022.74","4,199,700",514.01,518.34,510.49
10/25/2013,"1,012.42","4,076,100",512.49,512.49,503.48
10/28/2013,"1,012.22","2,326,000",505.7,509.8,504.6
10/29/2013,"1,033.40","3,222,000",507.65,516.53,504.86
10/30/2013,"1,027.60","2,658,000",516.78,516.82,511.08
10/31/2013,"1,027.76","3,292,200",512.54,518.82,510.07
11/1/2013,"1,024.23","2,576,100",513.97,516.07,510.64
11/4/2013,"1,023.30","2,286,000",513.82,514.26,509.11
11/5/2013,"1,018.72","2,371,500",508.27,513.9,506.81
11/6/2013,"1,019.95","1,832,600",510.89,511.58,505.79
11/7/2013,"1,005.19","3,371,700",509.4,510.05,501.94
11/8/2013,"1,013.25","2,591,100",502.49,507.35,502.37
11/11/2013,"1,007.82","2,233,500",502.87,506.07,502.12
11/12/2013,"1,009.01","2,445,200",501.97,506.88,500.62
11/13/2013,"1,029.64","3,170,500",501.5,514.5,501.37
11/14/2013,"1,032.40","2,342,100",515.03,517.93,513.25
11/15/2013,"1,030.73","2,562,100",515.5,517.06,513.23
11/18/2013,"1,028.73","3,532,500",515.94,522.41,512.7
11/19/2013,"1,022.39","2,271,600",513.93,515.44,509.61
11/20/2013,"1,019.51","1,934,500",513.05,514.75,508.27
11/21/2013,"1,031.24","2,191,700",511.58,517.22,511.08
11/22/2013,"1,029.06","2,517,700",514.78,516.15,512.69
11/25/2013,"1,043.07","3,238,000",516.64,524.63,515.58
11/26/2013,"1,055.51","4,589,600",522.34,528.77,519.52
11/27/2013,"1,060.20","2,255,500",529.03,532.01,528.02
11/29/2013,"1,056.69","2,394,400",529.1,531.32,527.75
12/2/2013,"1,051.59","2,756,600",529.77,531.18,523.42
12/3/2013,"1,050.38","3,364,700",523.51,529.73,522.55
12/4/2013,"1,055.28","2,392,000",523.72,530,523.04
12/5/2013,"1,054.45","2,275,800",526.63,527.85,523.58
12/6/2013,"1,066.94","2,868,200",532.9,533,528.06
12/9/2013,"1,075.19","2,976,200",533.5,539.13,532.02
12/10/2013,"1,081.69","3,721,600",536.07,544.12,535.82
12/11/2013,"1,074.34","3,436,400",541.67,543.62,535.58
12/12/2013,"1,067.03","3,204,800",537.77,539.45,532.5
12/13/2013,"1,057.89","4,340,900",535.69,536.14,526.97
12/16/2013,"1,070.04","3,216,000",530.01,535.34,529.02
12/17/2013,"1,066.93","3,082,800",534.41,538.36,532.2
12/18/2013,"1,081.78","4,437,100",533.92,540.45,527.54
12/19/2013,"1,083.25","3,343,800",538.37,543.96,537.53
12/20/2013,"1,097.61","6,547,600",542.12,548.53,541.97
12/23/2013,"1,112.05","3,456,000",551.85,555.82,550.5
12/24/2013,"1,108.80","1,473,800",555.4,555.54,551.98
12/26/2013,"1,114.40","2,685,500",554.92,557.41,552.27
12/27/2013,"1,115.34","3,151,100",557.91,558.05,554.39
12/30/2013,"1,106.42","2,481,300",558.08,558.16,552.44
12/31/2013,"1,117.64","2,725,900",554.04,558.41,551.06
1/2/2014,"1,110.07","3,656,400",555.65,556.79,552.06
1/3/2014,"1,101.97","3,345,800",555.42,556.38,550.4
1/6/2014,"1,114.26","3,551,800",554.43,557.34,551.15
1/7/2014,"1,135.74","5,124,300",560.4,567.72,558.49
1/8/2014,"1,138.11","4,501,700",570.86,571.52,564.53
1/9/2014,"1,127.15","4,184,500",569.59,569.97,560.68
1/10/2014,"1,127.09","4,302,900",567.41,567.41,559.03
1/13/2014,"1,119.91","4,855,800",561.13,571.31,556.5
1/14/2014,"1,146.25","4,983,700",566.85,573.35,561.94
1/15/2014,"1,145.48","3,915,000",574.34,575.34,569.76
1/16/2014,"1,153.05","3,380,300",572.4,576.8,571.86
1/17/2014,"1,147.38","5,422,800",576.27,578.15,569.96
1/21/2014,"1,160.51","3,974,500",578.3,579.83,573.5
1/22/2014,"1,161.83","3,154,500",581.13,581.76,577.27
1/23/2014,"1,156.92","3,912,700",577.83,579.07,575.03
1/24/2014,"1,120.75","7,814,000",573.36,574.62,559.4
1/27/2014,"1,098.21","8,739,800",560.95,561.15,539.11
1/28/2014,"1,119.94","4,436,900",553.09,560.77,552.9
1/29/2014,"1,103.89","4,777,500",557.47,558.78,547.66
1/30/2014,"1,132.28","10,220,800",570.36,574.09,561.52
1/31/2014,"1,177.74","11,174,200",583.49,591.05,573.42
2/3/2014,"1,130.33","9,172,400",587.4,588.65,563.89
2/4/2014,"1,135.04","5,644,800",566.87,575.34,566.38
2/5/2014,"1,140.07","4,806,800",569.56,573.24,561.9
2/6/2014,"1,156.78","3,907,600",573.42,577.91,571.63
2/7/2014,"1,174.22","5,292,000",581.63,586.75,578.11
2/10/2014,"1,169.72","3,904,800",583.71,588.99,582.33
2/11/2014,"1,186.92","4,116,900",587.88,593.71,583.92
2/12/2014,"1,183.44","3,461,800",592.28,592.78,588.48
2/13/2014,"1,196.61","3,686,400",588.17,597.71,587.63
2/14/2014,"1,199.51","4,389,700",595.57,599.95,594.17
2/18/2014,"1,207.56","4,233,500",598.46,604.17,597.76
2/19/2014,"1,199.05","4,222,900",600.4,602.35,596.51
2/20/2014,"1,200.81","3,414,300",599.32,601.19,597.87
2/21/2014,"1,200.49","3,738,500",601.65,602.68,599.17
2/24/2014,"1,209.19","3,361,100",600.43,607.8,600.3
2/25/2014,"1,216.66","2,888,100",605.7,609.96,602.95
2/26/2014,"1,216.83","3,979,100",609.71,612.15,604.61
2/27/2014,"1,215.87","2,529,400",606.92,609.83,606.23
2/28/2014,"1,212.32","4,644,500",607.89,609.81,600.86
3/3/2014,"1,199.40","4,225,300",601.12,601.66,593.84
3/4/2014,"1,211.58","2,946,300",605.23,605.73,602.49
3/5/2014,"1,214.92","2,479,700",605.26,609.26,603.44
3/6/2014,"1,216.27","2,545,600",608.86,610.79,607.02
3/7/2014,"1,211.46","3,041,500",611.11,611.2,603.46
3/10/2014,"1,208.25","2,438,200",605.58,606.55,599.8
3/11/2014,"1,196.70","3,438,800",604.62,604.89,596.09
3/12/2014,"1,203.99","3,943,200",595.97,601.67,589.88
3/13/2014,"1,185.80","4,708,600",601.72,602.99,590.17
3/14/2014,"1,169.59","4,604,900",588.79,593.21,584.08
3/17/2014,"1,188.84","4,340,300",587.42,596.3,586.86
3/18/2014,"1,207.94","3,643,500",595.1,603.5,594.3
3/19/2014,"1,195.97","3,237,800",603.64,603.73,594.97
3/20/2014,"1,193.88","3,381,900",597.73,602.55,595.45
3/21/2014,"1,179.80","6,441,000",600.9,602.56,589.02
3/24/2014,"1,154.76","6,096,800",589.88,590.24,570.84
3/25/2014,"1,155.55","4,838,400",580.82,582.74,571.36
3/26/2014,"1,128.87","5,179,200",578.84,583.6,563.64
3/27/2014,556.93,"13,100",566.44,566.44,551.41
3/28/2014,558.46,"41,200",559.66,564.88,557.14
3/31/2014,555.45,"10,800",565.34,565.45,555.41
4/1/2014,565.61,"7,900",557.18,566.89,557.18
4/2/2014,565.45,"147,100",598.35,603.17,560.65
4/3/2014,568.18,"5,099,100",568.29,585.67,562.59
4/4/2014,541.65,"6,369,300",573.08,576.19,541.51
4/7/2014,536.68,"4,401,600",539.26,546.98,525.71
4/8/2014,553.38,"3,151,200",541.11,553.48,540.13
4/9/2014,562.6,"3,330,800",558.09,563.82,551.44
4/10/2014,539.47,"4,036,800",563.45,563.45,538.42
4/11/2014,529.15,"3,924,800",531.09,538.52,525.09
4/14/2014,531.06,"2,575,000",536.78,542.61,528.11
4/15/2014,534.97,"3,855,000",535.35,536.98,517.04
4/16/2014,555.02,"4,893,200",541.51,555.47,538.52
4/17/2014,534.63,"6,809,500",547.31,548,529.7
4/21/2014,527.17,"2,566,700",534.63,535.23,524.16
4/22/2014,533.35,"2,365,300",527.19,535.76,526.07
4/23/2014,525.5,"2,052,300",532.33,532.41,524.81
4/24/2014,523.72,"1,883,100",528.62,530.19,520.69
4/25/2014,514.77,"2,100,300",521.08,523.26,514.01
4/28/2014,515.73,"3,335,500",515.76,517.18,501.42
4/29/2014,526.26,"2,699,000",515.48,528.01,514.91
4/30/2014,525.22,"1,751,100",526.16,526.55,521.09
5/1/2014,529.9,"1,905,500",525.67,531.47,522.45
5/2/2014,526.48,"1,688,500",532.3,532.54,524.17
5/5/2014,526.36,"1,024,100",523.38,527.45,519.89
5/6/2014,513.73,"1,689,000",523.79,525.37,513.65
5/7/2014,508.56,"3,224,300",514.38,515.27,501.92
5/8/2014,509.6,"2,021,300",507.07,515.81,505.06
5/9/2014,517.31,"2,439,400",509.35,518.48,502.82
5/12/2014,528.47,"1,912,500",522.08,528.74,517.59
5/13/2014,531.63,"1,653,400",529.44,534.6,528.06
5/14/2014,525.21,"1,191,700",531.54,531.54,523.85
5/15/2014,518.56,"1,704,300",524.26,524.43,516
5/16/2014,519.2,"1,485,200",519.96,520.37,514.03
5/19/2014,527.41,"1,277,700",518.28,528.33,516.17
5/20/2014,528.32,"1,784,700",528.29,534.76,524.86
5/21/2014,537.46,"1,196,200",531.44,537.71,530.45
5/22/2014,543.57,"1,615,800",539.65,546.1,539.3
5/23/2014,551.19,"1,932,100",545.76,552.12,542.21
5/27/2014,564.4,"2,104,100",554.48,564.45,552.83
5/28/2014,560.14,"1,652,000",563.02,566.29,559.46
5/29/2014,558.55,"1,354,100",561.81,562.46,557.18
5/30/2014,558.36,"1,771,100",559.26,559.81,554.39
6/2/2014,552.41,"1,435,000",559.16,559.36,544.24
6/3/2014,543.45,"1,866,600",549.48,550.83,541.06
6/4/2014,543.17,"1,816,400",540.02,547.11,537.27
6/5/2014,552.38,"1,689,100",544.9,553.43,542.96
6/6/2014,554.81,"1,736,700",556.53,556.53,547.43
6/9/2014,560.58,"1,467,500",555.62,561.36,554.52
6/10/2014,559.02,"1,351,700",558.98,562.06,556.37
6/11/2014,557.31,"1,100,100",556.47,558.35,553.5
6/12/2014,549.84,"1,458,400",555.77,556.46,546.96
6/13/2014,550.25,"1,220,500",550.75,550.79,544.07
6/16/2014,542.79,"1,702,500",547.76,548.12,540.04
6/17/2014,541.52,"1,444,500",542.71,543.83,537.85
6/18/2014,551.85,"1,741,700",543.37,552.04,542.51
6/19/2014,553.38,"2,456,800",552.72,553.48,547.01
6/20/2014,554.84,"4,508,300",555.33,556.05,548.89
6/23/2014,563.4,"1,536,800",553.63,563.45,552.73
6/24/2014,563.07,"2,207,100",563.64,571.08,559.47
6/25/2014,577.07,"1,969,300",563.71,578.37,563.67
6/26/2014,574.42,"1,741,900",579.41,580.86,570.28
6/27/2014,575.66,"2,236,900",575.6,578.28,572.23
6/30/2014,573.7,"1,313,700",577.08,577.98,573.18
7/1/2014,581.07,"1,447,900",576.74,582.8,575.07
7/2/2014,580.74,"1,056,300",581.75,583.84,578.8
7/3/2014,583.13,"714,100",581.75,583.41,579.33
7/7/2014,580.66,"1,064,600",582.16,584.82,578
7/8/2014,569.53,"1,909,500",576.08,577.94,564.58
7/9/2014,574.5,"1,116,700",570.02,575.14,567.82
7/10/2014,569.54,"1,356,700",564.36,575.01,563.46
7/11/2014,577.59,"1,621,700",570.34,579.26,569.86
7/14/2014,583.27,"1,854,000",581,583.61,576.45
7/15/2014,583.18,"1,623,000",584.14,584.2,574.98
7/16/2014,581.06,"1,397,100",586.39,586.79,580.61
7/17/2014,572.16,"3,016,500",577.94,579.4,567.05
7/18/2014,593.45,"4,014,100",591.38,595.17,580.41
7/21/2014,587.86,"2,062,100",590.13,592.77,583.63
7/22/2014,593.11,"1,699,100",589.1,598.01,588.98
7/23/2014,594.35,"1,233,100",591.61,596.21,590.88
7/24/2014,591.73,"1,035,100",594.82,597.86,590.15
7/25/2014,587.41,"932,400",588.78,590.24,585.42
7/28/2014,588.98,"986,800",586.46,590.88,583.15
7/29/2014,584.01,"1,349,800",587.14,588.09,581.92
7/30/2014,585.81,"1,016,400",584.94,587.89,582.4
7/31/2014,570.03,"2,102,700",579.01,582.05,568.44
8/1/2014,564.52,"1,955,200",568.84,574.38,561.31
8/4/2014,571.58,"1,427,300",567.48,573.77,562.56
8/5/2014,563.52,"1,551,200",568.49,570.41,561.07
8/6/2014,564.82,"1,334,300",560.24,569.14,558.47
8/7/2014,561.82,"1,110,900",566.44,568.33,559.56
8/8/2014,567.21,"1,494,700",562.02,568.69,558.82
8/11/2014,566.33,"1,214,700",568.43,568.93,564.45
8/12/2014,561.19,"1,542,000",562.97,564.35,559.34
8/13/2014,573.21,"1,439,200",565.76,573.43,564.2
8/14/2014,573.08,"985,400",574.6,576.32,569.32
8/15/2014,571.91,"1,519,100",576.28,577.79,568.96
8/18/2014,580.57,"1,284,100",574.53,582.91,574.42
8/19/2014,585.25,"978,600",583.4,585.73,582.4
8/20/2014,582.89,"1,036,700",584.28,585.09,580.97
8/21/2014,581.77,"914,800",582.22,582.9,579.55
8/22/2014,580.96,"789,000",581.99,583.63,579.05
8/25/2014,578.61,"1,361,400",583.12,583.4,577.41
8/26/2014,576.28,"1,639,600",579.67,580.21,575
8/27/2014,569.44,"1,703,300",575.69,576.91,568.54
8/28/2014,567.64,"1,292,900",568,571.68,565.55
8/29/2014,570.03,"1,083,700",569.77,570.47,565.52
9/2/2014,575.75,"1,578,400",570.28,576.25,569.63
9/3/2014,576.36,"1,215,100",578.41,581.39,573.43
9/4/2014,580.39,"1,458,100",578.41,584.4,577.63
9/5/2014,584.48,"1,632,300",582.38,584.94,580.36
9/8/2014,588.11,"1,431,000",584.99,590.15,584.69
9/9/2014,579.42,"1,287,200",587.29,587.39,578.41
9/10/2014,581.5,"977,300",579.91,581.9,575.36
9/11/2014,579.76,"1,221,000",578.77,580.22,574.68
9/12/2014,574.04,"1,601,600",579.41,580.05,572.89
9/15/2014,571.53,"1,597,500",571.37,573.38,566.65
9/16/2014,578.36,"1,480,300",571.19,579.91,571.09
9/17/2014,583.17,"1,692,800",578.42,585.91,577.19
9/18/2014,587.66,"1,444,500",585.39,587.93,583.4
9/19/2014,594.45,"3,736,600",589.88,594.85,587.89
9/22/2014,585.76,"1,689,500",592.19,592.32,581.86
9/23/2014,579.54,"1,471,400",585.24,585.24,579.41
9/24/2014,586.38,"1,728,100",579.87,588.02,578.93
9/25/2014,573.49,"1,925,900",585.94,586.37,572.61
9/26/2014,575.52,"1,443,600",574.48,577.66,573.09
9/29/2014,574.78,"1,282,400",570.18,576.61,569.61
9/30/2014,575.78,"1,621,700",575.35,578.26,571.28
10/1/2014,566.71,"1,445,400",574.43,576,565.46
10/2/2014,568.52,"1,178,400",565.76,570.34,561.78
10/3/2014,573.7,"1,141,700",571.48,575.64,570.93
10/6/2014,575.77,"1,214,600",577.22,579.41,572.87
10/7/2014,562.2,"1,911,300",572.83,573.69,562.2
10/8/2014,570.93,"1,990,800",564.02,572.31,555.96
10/9/2014,559.34,"2,524,800",569.62,569.93,557.53
10/10/2014,543,"3,081,900",556.19,563.58,542.56
10/13/2014,531.75,"2,581,600",543.5,548,531.64
10/14/2014,536.47,"2,222,500",537.42,545.69,531.71
10/15/2014,528.58,"3,719,300",529.56,531.34,516.88
10/16/2014,523.07,"3,708,500",517.58,527.98,513.59
10/17/2014,509.77,"5,539,300",525.81,529.53,507.14
10/20/2014,519.41,"2,607,500",508.06,520.33,506.71
10/21/2014,525.1,"2,336,200",523.75,525.35,517.69
10/22/2014,531.25,"2,919,200",528.44,538.32,527.35
10/23/2014,542.49,"2,348,800",537.84,545.72,534.38
10/24/2014,538.3,"1,973,100",542.87,543.39,534.32
10/27/2014,539.29,"1,185,300",535.56,542.92,535.56
10/28/2014,547.4,"1,270,900",541.51,547.48,540.14
10/29/2014,547.83,"1,770,500",548.49,552.67,545.48
10/30/2014,548.8,"1,455,600",547.45,551.29,542.02
10/31/2014,557.55,"2,035,000",557.82,558.04,553.23
11/3/2014,553.7,"1,382,200",553.98,556.37,551.72
11/4/2014,552.59,"1,244,200",551.49,553.98,547.8
11/5/2014,544.43,"2,032,200",555.28,555.28,542.56
11/6/2014,540.56,"1,333,200",544.01,545.39,539.49
11/7/2014,539.53,"1,633,700",544.71,544.71,537.2
11/10/2014,545.99,"1,134,600",539.98,548.09,539.54
11/11/2014,548.78,"965,500",546.99,550.43,544.8
11/12/2014,545.81,"1,129,600",548.88,548.95,543.68
11/13/2014,543.89,"1,339,300",548.29,548.29,541.99
11/14/2014,542.91,"1,289,500",545.18,545.18,540.67
11/17/2014,535.04,"1,726,000",542.09,542.3,532.6
11/18/2014,533.57,"1,962,600",536.03,540.46,532.71
11/19/2014,535.52,"1,392,200",533.54,536.77,528.63
11/20/2014,533.37,"1,563,300",529.8,533.64,529.63
11/21/2014,536.03,"2,224,200",540.13,540.66,535.09
11/24/2014,537.79,"1,706,300",536.18,541.21,534.15
11/25/2014,539.6,"1,789,900",537.52,542.49,537.13
11/26/2014,538.89,"1,522,900",539.4,540.07,535.57
11/28/2014,540.35,"1,148,300",539.14,540.52,535.13
12/1/2014,532.34,"2,115,300",537.42,539.93,530.4
12/2/2014,532.29,"1,526,600",532.05,534.03,528.35
12/3/2014,529.87,"1,277,900",529.98,534.53,527.81
12/4/2014,535.84,"1,392,100",529.71,535.87,527.14
12/5/2014,523.82,"2,565,600",529.55,531.43,522.84
12/8/2014,525.54,"2,329,300",525.69,529.55,522.36
12/9/2014,531.91,"1,871,300",520.71,532.73,519.07
12/10/2014,524.62,"1,712,200",531.62,534.86,524.12
12/11/2014,526.89,"1,610,800",526.35,532.46,525.66
12/12/2014,517.24,"1,994,500",522.08,527.05,517.24
12/15/2014,512.39,"2,813,400",521.31,521.67,511.86
12/16/2014,494.03,"3,964,200",510.16,511.65,487.66
12/17/2014,503.51,"2,883,100",495.64,505.61,495.45
12/18/2014,509.7,"2,926,700",511.55,512.46,503.32
12/19/2014,514.94,"3,690,200",510.11,516.3,505.52
12/22/2014,523.43,"2,723,700",514.67,525.02,514.67
12/23/2014,529.14,"2,197,600",525.56,533.1,524.85
12/24/2014,527.32,"705,900",529.06,530.3,525.58
12/26/2014,532.57,"1,040,500",527.32,532.79,525.87
12/29/2014,528.88,"2,278,500",530.73,534.01,528.56
12/30/2014,528.97,"876,200",526.64,529.7,525.69
12/31/2014,524.96,"1,368,200",529.8,531.14,524.36
1/2/2015,523.37,"1,447,500",527.56,529.82,522.67
1/5/2015,512.46,"2,059,800",521.83,522.89,511.66
1/6/2015,500.59,"2,899,900",513.59,514.76,499.68
1/7/2015,499.73,"2,065,000",505.61,505.86,498.28
1/8/2015,501.3,"3,353,500",496.63,502.1,489.66
1/9/2015,494.81,"2,071,300",503.38,503.54,493.44
1/12/2015,491.2,"2,326,700",493.58,494.62,486.23
1/13/2015,494.82,"2,370,400",497.47,501.6,491.04
1/14/2015,499.5,"2,215,500",493.3,501.85,491.65
1/15/2015,500.42,"2,715,800",504.19,504.3,496.4
1/16/2015,506.69,"2,298,200",498.64,506.8,498.63
1/20/2015,505.51,"2,232,000",509.6,511.1,504.63
1/21/2015,516.62,"2,268,700",505.86,517.86,504.81
1/22/2015,532.93,"2,676,900",520.05,534.86,518.28
1/23/2015,538.47,"2,281,700",534.12,540.69,531.54
1/26/2015,533.74,"1,543,700",537.06,537.52,528.22
1/27/2015,517.21,"1,904,000",528.52,529.25,516.77
1/28/2015,508.6,"1,683,800",521.35,521.56,508.6
1/29/2015,509.26,"4,186,300",509.6,509.69,499.83
1/30/2015,533.06,"5,606,300",514.45,538.39,514.11
2/2/2015,527.03,"2,849,800",530.27,531.54,517.13
2/3/2015,527.79,"2,038,600",526.55,531.94,521.83
2/4/2015,521.33,"1,663,600",527.79,531.21,519.84
2/5/2015,526.14,"1,849,700",522.36,527.05,520.66
2/6/2015,529.55,"1,763,500",526.2,535.73,524.97
2/9/2015,526.38,"1,267,700",526.55,530.54,524.58
2/10/2015,535.47,"1,749,800",527.85,536.23,525.48
2/11/2015,534.5,"1,377,700",533.83,536.98,531.92
2/12/2015,541.44,"1,620,200",535.78,543.33,533.21
2/13/2015,547.51,"1,900,300",541.86,548.4,541.64
2/17/2015,541.35,"1,616,800",545.33,548.49,539.61
2/18/2015,538.22,"1,453,000",539.92,544,536.04
2/19/2015,541.38,"989,100",536.57,541.62,536.54
2/20/2015,537.47,"1,444,300",541.64,542.26,534.33
2/23/2015,530.45,"1,457,800",534.58,534.97,527.96
2/24/2015,534.62,"1,005,000",528.55,535.32,526.8
2/25/2015,542.38,"1,825,900",534.43,544.72,533.98
2/26/2015,553.96,"2,311,500",541.72,554.62,540.02
2/27/2015,556.87,"2,410,100",552.72,563.16,551.39
3/2/2015,569.78,"2,129,600",559,570.58,557.22
3/3/2015,572.07,"1,704,700",568.89,573.81,564.97
3/4/2015,571.8,"1,876,800",570.3,575.53,566.45
3/5/2015,573.75,"1,389,600",573.45,576.33,571.84
3/6/2015,566.13,"1,659,100",573.31,575.1,565.21
3/9/2015,567.29,"1,062,100",565.31,568.71,561.99
3/10/2015,553.49,"1,792,300",562.71,563.3,553.21
3/11/2015,549.67,"1,820,700",553.62,556.61,549.17
3/12/2015,553.99,"1,389,600",551.99,554.85,548.95
3/13/2015,545.82,"1,703,500",551.98,556.87,542.73
3/16/2015,552.99,"1,640,900",549.44,555.33,544.51
3/17/2015,549.33,"1,805,500",550.2,552.28,546.5
3/18/2015,557.97,"2,134,500",550.99,558.25,545.5
3/19/2015,556.46,"1,197,200",557.86,559.26,554.62
3/20/2015,558.83,"2,616,800",560.11,560.18,557.52
3/23/2015,557.28,"1,643,800",558.9,560.82,554.31
3/24/2015,568.63,"2,583,200",561.02,573.02,559.67
3/25/2015,557.26,"2,152,200",568.94,570.69,557.21
3/26/2015,553.65,"1,572,600",556.06,557.37,549.14
3/27/2015,546.84,"1,897,400",551.49,553.76,546.63
3/30/2015,550.52,"1,287,500",550.11,551.95,546.67
3/31/2015,546.5,"1,588,000",548.49,553.19,545.22
4/1/2015,541.07,"1,963,000",547.1,549.63,538.02
4/2/2015,534.06,"1,716,300",539.37,539.37,532.39
4/6/2015,535.3,"1,324,400",530.76,536.94,528.12
4/7/2015,535.55,"1,302,800",536.61,541.2,534.53
4/8/2015,540.13,"1,178,500",536.91,542.36,536.91
4/9/2015,539.3,"1,557,800",539.55,540.47,534.02
4/10/2015,538.53,"1,409,400",540.81,540.81,535.84
4/13/2015,537.69,"1,645,300",536.94,542.57,535.84
4/14/2015,528.94,"2,604,100",534.78,536.1,526.65
4/15/2015,531.07,"2,318,800",527.25,533.27,521.79
4/16/2015,532.34,"1,299,800",528.45,534.12,528.16
4/17/2015,522.62,"2,151,800",527.21,528.39,519.58
4/20/2015,533.91,"1,679,200",524.16,534.62,523.06
4/21/2015,532.51,"1,844,700",536.04,537.91,532.21
4/22/2015,537.89,"1,593,500",532.94,539.6,530.29
4/23/2015,545.5,"4,184,800",539.52,549.45,538.75
4/24/2015,563.51,"4,932,500",564.55,569.58,555.72
4/27/2015,555.37,"2,398,000",563.39,565.95,553.2
4/28/2015,553.68,"1,491,000",554.64,556.02,550.37
4/29/2015,549.08,"1,698,800",550.47,553.68,546.91
4/30/2015,537.34,"2,082,200",547.87,548.59,535.05
5/1/2015,537.9,"1,768,200",538.43,539.54,532.1
5/4/2015,540.78,"1,308,000",538.53,544.07,535.06
5/5/2015,530.8,"1,383,100",538.21,539.74,530.39
5/6/2015,524.22,"1,567,000",531.24,532.38,521.09
5/7/2015,530.7,"1,546,300",523.99,533.46,521.75
5/8/2015,538.22,"1,527,600",536.65,541.15,525
5/11/2015,535.7,"905,300",538.37,541.98,535.4
5/12/2015,529.04,"1,634,200",531.6,533.21,525.26
5/13/2015,529.62,"1,252,300",530.56,534.32,528.66
5/14/2015,538.4,"1,403,900",533.77,539,532.41
5/15/2015,533.85,"1,971,300",539.18,539.27,530.38
5/18/2015,532.3,"2,003,400",532.01,534.82,528.85
5/19/2015,537.36,"1,966,900",533.98,540.66,533.04
5/20/2015,539.27,"1,430,800",538.49,542.92,532.97
5/21/2015,542.51,"1,462,700",537.95,543.84,535.98
5/22/2015,540.11,"1,176,200",540.15,544.19,539.51
5/26/2015,532.32,"2,406,500",538.12,539,529.88
5/27/2015,539.79,"1,525,000",532.8,540.55,531.71
5/28/2015,539.78,"1,029,800",538.01,540.61,536.25
5/29/2015,532.11,"2,597,400",537.37,538.63,531.45
6/1/2015,533.99,"1,904,300",536.79,536.79,529.76
6/2/2015,539.18,"1,939,000",532.93,543,531.33
6/3/2015,540.31,"1,714,500",539.91,543.5,537.11
6/4/2015,536.7,"1,348,300",537.76,540.59,534.32
6/5/2015,533.33,"1,388,200",536.35,537.2,532.52
6/8/2015,526.83,"1,520,600",533.31,534.12,526.24
6/9/2015,526.69,"1,455,300",527.56,529.2,523.01
6/10/2015,536.69,"1,815,000",529.36,538.36,529.35
6/11/2015,534.61,"1,217,500",538.42,538.98,533.02
6/12/2015,532.33,"955,800",531.6,533.12,530.16
6/15/2015,527.2,"1,632,700",528,528.3,524
6/16/2015,528.15,"1,071,800",528.4,529.64,525.56
6/17/2015,529.26,"1,294,200",529.37,530.98,525.1
6/18/2015,536.73,"1,833,100",531,538.15,530.79
6/19/2015,536.69,"1,893,500",537.21,538.25,533.01
6/22/2015,538.19,"1,250,300",539.59,543.74,537.53
6/23/2015,540.48,"1,197,500",539.64,541.5,535.25
6/24/2015,537.84,"1,286,600",540,540,535.66
6/25/2015,535.23,"1,335,700",538.87,540.9,535.23
6/26/2015,531.69,"2,109,100",537.26,537.76,531.35
6/29/2015,521.52,"1,937,800",525.01,528.61,520.54
6/30/2015,520.51,"2,217,200",526.02,526.25,520.5
7/1/2015,521.84,"1,961,000",524.73,525.69,518.23
7/2/2015,523.4,"1,235,900",521.08,524.65,521.08
7/6/2015,522.86,"1,280,500",519.5,525.25,519
7/7/2015,525.02,"1,597,200",523.13,526.18,515.18
7/8/2015,516.83,"1,296,700",521.05,522.73,516.11
7/9/2015,520.68,"1,839,400",523.12,523.77,520.35
7/10/2015,530.13,"1,956,700",526.29,532.56,525.55
7/13/2015,546.55,"2,206,500",532.88,547.11,532.4
7/14/2015,561.1,"3,244,100",546.76,565.85,546.71
7/15/2015,560.22,"1,784,600",560.13,566.5,556.79
7/16/2015,579.85,"4,768,300",565.12,580.68,565
7/17/2015,672.93,"11,164,900",649,674.47,645
7/20/2015,663.02,"5,860,900",659.24,668.88,653.01
7/21/2015,662.3,"3,377,200",655.21,673,654.3
7/22/2015,662.1,"3,929,300",660.89,678.64,659
7/23/2015,644.28,"3,029,100",661.27,663.63,641
7/24/2015,623.56,"3,625,700",647,648.17,622.52
7/27/2015,627.26,"2,675,400",621,634.3,620.5
7/28/2015,628,"1,727,300",632.83,632.83,623.31
7/29/2015,631.93,"1,575,100",628.8,633.36,622.65
7/30/2015,632.59,"1,474,200",630,635.22,622.05
7/31/2015,625.61,"1,706,100",631.38,632.91,625.5
8/3/2015,631.21,"1,304,500",625.34,633.06,625.34
8/4/2015,629.25,"1,490,900",628.42,634.81,627.16
8/5/2015,643.78,"2,334,300",634.33,647.86,633.16
8/6/2015,642.68,"1,572,600",645,645.38,632.25
8/7/2015,635.3,"1,403,900",640.23,642.68,629.71
8/10/2015,633.73,"1,809,200",639.48,643.44,631.25
8/11/2015,660.78,"5,029,200",669.2,674.9,654.27
8/12/2015,659.56,"2,936,700",663.08,665,652.29
8/13/2015,656.45,"1,810,700",659.32,664.5,651.66
8/14/2015,657.12,"1,072,100",655.01,659.85,652.66
8/17/2015,660.87,"1,051,700",656.8,661.38,651.24
8/18/2015,656.13,"1,456,100",661.9,664,653.46
8/19/2015,660.9,"2,131,600",656.6,667,654.19
8/20/2015,646.83,"2,855,300",655.46,662.99,642.9
8/21/2015,612.48,"4,265,200",639.78,640.05,612.33
8/24/2015,589.61,"5,770,300",573,599.33,565.05
8/25/2015,582.06,"3,538,000",614.91,617.45,581.11
8/26/2015,628.62,"4,235,900",610.35,631.71,599.05
8/27/2015,637.61,"3,491,300",639.4,643.59,622
8/28/2015,630.38,"1,978,700",632.82,636.88,624.56
8/31/2015,618.25,"2,176,700",627.54,635.8,617.68
9/1/2015,597.79,"3,702,100",602.36,612.86,594.1
9/2/2015,614.34,"2,575,600",605.59,614.34,599.71
9/3/2015,606.25,"1,759,600",617,619.71,602.82
9/4/2015,600.7,"2,089,000",600,603.47,595.25
9/8/2015,614.66,"2,279,500",612.49,616.31,604.12
9/9/2015,612.72,"1,702,100",621.22,626.52,609.6
9/10/2015,621.35,"1,905,300",613.1,624.16,611.43
9/11/2015,625.77,"1,373,500",619.75,625.78,617.42
9/14/2015,623.24,"1,702,300",625.7,625.86,619.43
9/15/2015,635.14,"2,084,400",626.7,638.7,623.78
9/16/2015,635.98,"1,286,500",635.47,637.95,632.32
9/17/2015,642.9,"2,274,700",637.79,650.9,635.02
9/18/2015,629.25,"5,133,400",636.79,640,627.02
9/21/2015,635.44,"1,788,500",634.4,636.49,625.94
9/22/2015,622.69,"2,562,900",627,627.55,615.43
9/23/2015,622.36,"1,470,900",622.05,628.93,620
9/24/2015,625.8,"2,240,100",616.64,627.32,612.4
9/25/2015,611.97,"2,174,000",629.77,629.77,611
9/28/2015,594.89,"3,127,700",610.34,614.6,589.38
9/29/2015,594.97,"2,309,500",597.28,605,590.22
9/30/2015,608.42,"2,413,400",603.28,608.76,600.73
10/1/2015,611.29,"1,867,600",608.37,612.09,599.85
10/2/2015,626.91,"2,684,800",607.2,627.34,603.13
10/5/2015,641.47,"1,803,600",632,643.01,627
10/6/2015,645.44,"2,166,300",638.84,649.25,636.53
10/7/2015,642.36,"2,092,700",649.24,650.61,632.15
10/8/2015,639.16,"2,182,100",641.36,644.45,625.56
10/9/2015,643.61,"1,648,700",640,645.99,635.32
10/12/2015,646.67,"1,275,200",642.09,648.5,639.01
10/13/2015,652.3,"1,807,700",643.15,657.81,643.15
10/14/2015,651.16,"1,415,500",653.21,659.39,648.85
10/15/2015,661.74,"1,885,700",654.66,663.13,654.46
10/16/2015,662.2,"1,611,100",664.11,664.97,657.2
10/19/2015,666.1,"1,477,300",661.18,666.82,659.58
10/20/2015,650.28,"2,490,000",664.04,664.72,644.2
10/21/2015,642.61,"1,791,100",654.15,655.87,641.73
10/22/2015,651.79,"4,071,000",646.7,657.8,644.01
10/23/2015,702,"6,653,900",727.5,730,701.5
10/26/2015,712.78,"2,716,600",701.55,719.15,701.26
10/27/2015,708.49,"2,245,800",707.38,713.62,704.55
10/28/2015,712.95,"2,178,900",707.33,712.98,703.08
10/29/2015,716.92,"1,456,000",710.5,718.26,710.01
10/30/2015,710.81,"1,908,800",715.73,718,710.05
11/2/2015,721.11,"1,886,300",711.06,721.62,705.85
11/3/2015,722.16,"1,565,400",718.86,724.65,714.72
11/4/2015,728.11,"1,706,700",722,733.1,721.9
11/5/2015,731.25,"1,861,600",729.47,739.48,729.47
11/6/2015,733.76,"1,511,600",731.5,735.41,727.01
11/9/2015,724.89,"2,069,800",730.2,734.71,719.43
11/10/2015,728.32,"1,608,000",724.4,730.59,718.5
11/11/2015,735.4,"1,366,400",732.46,741,730.23
11/12/2015,731.23,"1,837,200",731,737.8,728.65
11/13/2015,717,"2,075,500",729.17,731.15,716.73
11/16/2015,728.96,"1,905,900",715.6,729.49,711.33
11/17/2015,725.3,"1,510,900",729.29,731.84,723.03
11/18/2015,740,"1,684,300",727.58,741.41,727
11/19/2015,738.41,"1,327,100",738.74,742,737.43
11/20/2015,756.6,"2,212,300",746.53,757.92,743
11/23/2015,755.98,"1,414,500",757.45,762.71,751.82
11/24/2015,748.28,"2,333,100",752,755.28,737.63
11/25/2015,748.15,"1,122,100",748.14,752,746.06
11/27/2015,750.26,"838,500",748.46,753.41,747.49
11/30/2015,742.6,"2,097,600",748.81,754.93,741.27
12/1/2015,767.04,"2,134,600",747.11,768.95,746.7
12/2/2015,762.38,"2,230,400",768.9,775.96,758.96
12/3/2015,752.54,"2,590,600",766.01,768.99,745.63
12/4/2015,766.81,"2,757,300",753.1,768.49,750
12/7/2015,763.25,"1,812,300",767.77,768.73,755.09
12/8/2015,762.37,"1,829,500",757.89,764.8,754.2
12/9/2015,751.61,"2,700,000",759.17,764.23,737
12/10/2015,749.46,"1,984,900",752.85,755.85,743.83
12/11/2015,738.87,"2,224,400",741.16,745.71,736.75
12/14/2015,747.77,"2,412,500",741.79,748.73,724.17
12/15/2015,743.4,"2,666,200",753,758.08,743.01
12/16/2015,758.09,"1,993,300",750,760.59,739.43
12/17/2015,749.43,"1,553,400",762.42,762.68,749
12/18/2015,739.31,"3,148,700",746.51,754.13,738.15
12/21/2015,747.77,"1,525,700",746.13,750,740
12/22/2015,750,"1,365,400",751.65,754.85,745.53
12/23/2015,750.31,"1,565,900",753.47,754.21,744
12/24/2015,748.4,"527,200",749.55,751.35,746.62
12/28/2015,762.51,"1,515,300",752.92,762.99,749.52
12/29/2015,776.6,"1,765,000",766.69,779.98,766.43
12/30/2015,771,"1,293,300",776.6,777.6,766.9
12/31/2015,758.88,"1,489,600",769.5,769.5,758.34
1/4/2016,741.84,"3,272,800",743,744.06,731.26
1/5/2016,742.58,"1,950,700",746.45,752,738.64
1/6/2016,743.62,"1,947,000",730,747.18,728.92
1/7/2016,726.39,"2,963,700",730.31,738.5,719.06
1/8/2016,714.47,"2,450,900",731.45,733.23,713
1/11/2016,716.03,"2,090,600",716.61,718.85,703.54
1/12/2016,726.07,"2,024,500",721.68,728.75,717.32
1/13/2016,700.56,"2,501,700",730.85,734.74,698.61
1/14/2016,714.72,"2,225,800",705.38,721.92,689.1
1/15/2016,694.45,"3,592,400",692.29,706.74,685.37
1/19/2016,701.79,"2,268,100",703.3,709.98,693.41
1/20/2016,698.45,"3,445,000",688.61,706.85,673.26
1/21/2016,706.59,"2,412,200",702.18,719.19,694.46
1/22/2016,725.25,"2,011,800",723.6,728.13,720.12
1/25/2016,711.67,"1,711,700",723.58,729.68,710.01
1/26/2016,713.04,"1,331,700",713.85,718.28,706.48
1/27/2016,699.99,"2,194,200",713.67,718.23,694.39
1/28/2016,730.96,"2,676,400",722.22,733.69,712.35
1/29/2016,742.95,"3,474,300",731.53,744.99,726.8
2/1/2016,752,"5,139,200",750.46,757.86,743.27
2/2/2016,764.65,"6,348,100",784.5,789.87,764.65
2/3/2016,726.95,"6,171,000",770.22,774.5,720.5
2/4/2016,708.01,"5,168,700",722.81,727,701.86
2/5/2016,683.57,"5,105,700",703.87,703.99,680.15
2/8/2016,682.74,"4,247,400",667.85,684.03,663.06
2/9/2016,678.11,"3,608,900",672.32,699.9,668.77
2/10/2016,684.12,"2,638,000",686.86,701.31,682.13
2/11/2016,683.11,"3,024,000",675,689.35,668.87
2/12/2016,682.4,"2,141,400",690.26,693.75,678.6
2/16/2016,691,"2,520,000",692.98,698,685.05
2/17/2016,708.4,"2,492,600",698.09,709.75,691.38
2/18/2016,697.35,"1,883,200",710,712.35,696.03
2/19/2016,700.91,"1,589,300",695.03,703.08,694.05
2/22/2016,706.46,"1,949,800",707.45,713.24,702.51
2/23/2016,695.85,"2,009,300",701.45,708.4,693.58
2/24/2016,699.56,"1,963,600",688.92,700,680.78
2/25/2016,705.75,"1,642,200",700.01,705.98,690.59
2/26/2016,705.07,"2,243,500",708.58,713.43,700.86
2/29/2016,697.77,"2,481,100",700.32,710.89,697.68
3/1/2016,718.81,"2,151,400",703.62,718.81,699.77
3/2/2016,718.85,"1,629,000",719,720,712
3/3/2016,712.42,"1,958,000",718.68,719.45,706.02
3/4/2016,710.89,"1,972,100",714.99,716.49,706.02
3/7/2016,695.16,"2,985,100",706.9,708.09,686.9
3/8/2016,693.97,"2,076,300",688.59,703.79,685.34
3/9/2016,705.24,"1,421,500",698.47,705.68,694
3/10/2016,712.82,"2,833,500",708.12,716.44,703.36
3/11/2016,726.82,"1,970,800",720,726.92,717.13
3/14/2016,730.49,"1,718,300",726.81,735.5,725.15
3/15/2016,728.33,"1,721,000",726.92,732.29,724.77
3/16/2016,736.09,"1,624,400",726.37,737.47,724.51
3/17/2016,737.78,"1,860,800",736.45,743.07,736
3/18/2016,737.6,"2,980,700",741.86,742,731.83
3/21/2016,742.09,"1,836,500",736.5,742.5,733.52
3/22/2016,740.75,"1,269,700",737.46,745,737.46
3/23/2016,738.06,"1,432,100",742.36,745.72,736.15
3/24/2016,735.3,"1,594,900",732.01,737.75,731
3/28/2016,733.53,"1,301,300",736.79,738.99,732.5
3/29/2016,744.77,"1,903,800",734.59,747.25,728.76
3/30/2016,750.53,"1,782,400",750.1,757.88,748.74
3/31/2016,744.95,"1,718,800",749.25,750.85,740.94
4/1/2016,749.91,"1,576,700",738.6,750.34,737
4/4/2016,745.29,"1,134,200",750.06,752.8,742.43
4/5/2016,737.8,"1,132,300",738,742.8,735.37
4/6/2016,745.69,"1,053,700",735.77,746.24,735.56
4/7/2016,740.28,"1,453,200",745.37,747,736.28
4/8/2016,739.15,"1,290,800",743.97,745.45,735.55
4/11/2016,736.1,"1,220,100",743.02,745,736.05
4/12/2016,743.09,"1,353,000",738,743.83,731.01
4/13/2016,751.72,"1,707,100",749.16,754.38,744.26
4/14/2016,753.2,"1,135,300",754.01,757.31,752.71
4/15/2016,759,"1,809,300",753.98,761,752.69
4/18/2016,766.61,"1,556,000",760.46,768.05,757.3
4/19/2016,753.93,"2,030,500",769.51,769.9,749.33
4/20/2016,752.67,"1,529,200",758,758.13,750.01
4/21/2016,759.14,"3,060,500",755.38,760.45,749.55
4/22/2016,718.77,"5,951,900",726.3,736.12,713.61
4/25/2016,723.15,"1,959,200",716.1,723.93,715.59
4/26/2016,708.14,"2,744,600",725.42,725.77,703.03
4/27/2016,705.84,"3,098,600",707.29,708.98,692.36
4/28/2016,691.02,"2,867,300",708.26,714.17,689.55
4/29/2016,693.01,"2,487,700",690.7,697.62,689
5/2/2016,698.21,"1,645,300",697.63,700.64,691
5/3/2016,692.36,"1,543,800",696.87,697.84,692
5/4/2016,695.7,"1,693,500",690.49,699.75,689.01
5/5/2016,701.43,"1,683,500",697.7,702.32,695.72
5/6/2016,711.12,"1,826,100",698.38,711.86,698.11
5/9/2016,712.9,"1,510,300",712,718.71,710
5/10/2016,723.18,"1,569,600",716.75,723.5,715.72
5/11/2016,715.29,"1,692,100",723.41,724.48,712.8
5/12/2016,713.31,"1,360,700",717.06,719.25,709
5/13/2016,710.83,"1,314,500",711.93,716.66,709.26
5/16/2016,716.49,"1,317,100",709.13,718.48,705.65
5/17/2016,706.23,"2,001,200",715.99,721.52,704.11
5/18/2016,706.63,"1,766,800",703.67,711.6,700.63
5/19/2016,700.32,"1,670,200",702.36,706,696.8
5/20/2016,709.74,"1,828,400",701.62,714.58,700.52
5/23/2016,704.24,"1,330,700",706.53,711.48,704.18
5/24/2016,720.09,"1,929,500",706.86,720.97,706.86
5/25/2016,725.27,"1,629,200",720.76,727.51,719.71
5/26/2016,724.12,"1,576,300",722.87,728.33,720.28
5/27/2016,732.66,"1,974,000",724.01,733.94,724
5/31/2016,735.72,"2,129,500",731.74,739.73,731.26
6/1/2016,734.15,"1,253,600",734.53,737.21,730.66
6/2/2016,730.4,"1,341,800",732.5,733.02,724.17
6/3/2016,722.34,"1,226,300",729.27,729.49,720.56
6/6/2016,716.55,"1,565,300",724.91,724.91,714.61
6/7/2016,716.65,"1,336,200",719.84,721.98,716.55
6/8/2016,728.28,"1,583,700",723.96,728.57,720.58
6/9/2016,728.58,"988,900",722.87,729.54,722.34
6/10/2016,719.41,"1,216,400",719.47,725.89,716.43
6/13/2016,718.36,"1,258,900",716.51,725.44,716.51
6/14/2016,718.27,"1,306,100",716.48,722.47,713.12
6/15/2016,718.92,"1,214,500",719,722.98,717.31
6/16/2016,710.36,"1,982,500",714.91,716.65,703.26
6/17/2016,691.72,"3,402,400",708.65,708.82,688.45
6/20/2016,693.71,"2,082,500",698.77,702.48,693.41
6/21/2016,695.94,"1,465,600",698.4,702.77,692.01
6/22/2016,697.46,"1,184,300",699.06,700.86,693.08
6/23/2016,701.87,"2,171,400",697.45,701.95,687
6/24/2016,675.22,"4,449,000",675.17,689.4,673.45
6/27/2016,668.26,"2,629,000",671,672.3,663.28
6/28/2016,680.04,"2,173,800",678.97,680.33,673
6/29/2016,684.11,"1,932,600",683,687.43,681.41
6/30/2016,692.1,"1,597,700",685.47,692.32,683.65
7/1/2016,699.21,"1,344,700",692.2,700.65,692.13
7/5/2016,694.95,"1,462,600",696.06,696.94,688.88
7/6/2016,697.77,"1,411,900",689.98,701.68,689.09
7/7/2016,695.36,"1,304,200",698.08,698.2,688.22
7/8/2016,705.63,"1,575,200",699.5,705.71,696.43
7/11/2016,715.09,"1,111,800",708.05,716.51,707.24
7/12/2016,720.64,"1,336,900",719.12,722.94,715.91
7/13/2016,716.98,"935,900",723.62,724,716.85
7/14/2016,720.95,"950,200",721.58,722.21,718.03
7/15/2016,719.85,"1,279,300",725.73,725.74,719.05
7/18/2016,733.78,"1,295,500",722.71,736.13,721.19
7/19/2016,736.96,"1,227,500",729.89,736.99,729
7/20/2016,741.19,"1,289,700",737.33,742.13,737.1
7/21/2016,738.63,"1,026,300",740.36,741.69,735.83
7/22/2016,742.74,"1,259,800",741.86,743.24,736.56
7/25/2016,739.77,"1,032,400",740.67,742.61,737.5
7/26/2016,738.42,"1,186,700",739.04,741.69,734.27
7/27/2016,741.77,"1,512,500",738.28,744.46,737
7/28/2016,745.91,"3,530,200",747.04,748.65,739.3
7/29/2016,768.79,"3,841,500",772.71,778.55,766.77
8/1/2016,772.88,"2,700,500",761.09,780.43,761.09
8/2/2016,771.07,"1,784,500",768.69,775.84,767.85
8/3/2016,773.18,"1,287,400",767.18,773.21,766.82
8/4/2016,771.61,"1,140,300",772.22,774.07,768.79
8/5/2016,782.22,"1,801,200",773.78,783.04,772.34
8/8/2016,781.76,"1,107,900",782,782.63,778.09
8/9/2016,784.26,"1,318,900",781.1,788.94,780.57
8/10/2016,784.68,"786,400",783.75,786.81,782.78
8/11/2016,784.85,"975,100",785,789.75,782.97
8/12/2016,783.22,"740,500",781.5,783.4,780.4
8/15/2016,782.44,"938,200",783.75,787.49,780.11
8/16/2016,777.14,"1,028,000",780.3,780.98,773.44
8/17/2016,779.91,"924,200",777.32,780.81,773.53
8/18/2016,777.5,"719,400",780.01,782.86,777
8/19/2016,775.42,"861,500",775,777.1,773.13
8/22/2016,772.15,"951,400",773.27,774.54,770.05
8/23/2016,772.08,"928,200",775.48,776.44,771.78
8/24/2016,769.64,"1,072,000",770.58,774.5,767.07
8/25/2016,769.41,"926,900",767,771.89,763.18
8/26/2016,769.54,"1,166,700",769,776.08,765.85
8/29/2016,772.15,"847,600",768.74,774.99,766.61
8/30/2016,769.09,"1,130,000",769.33,774.47,766.84
8/31/2016,767.05,"1,248,600",767.01,769.09,765.38
9/1/2016,768.78,"925,100",769.25,771.02,764.3
9/2/2016,771.46,"1,072,700",773.01,773.92,768.41
9/6/2016,780.08,"1,442,800",773.45,782,771
9/7/2016,780.35,"893,700",780,782.73,776.2
9/8/2016,775.32,"1,270,300",778.59,780.35,773.58
9/9/2016,759.66,"1,885,500",770.1,773.24,759.66
9/12/2016,769.02,"1,311,000",755.13,770.29,754
9/13/2016,759.69,"1,395,000",764.48,766.22,755.8
9/14/2016,762.49,"1,087,400",759.61,767.68,759.11
9/15/2016,771.76,"1,305,100",762.89,773.8,759.96
9/16/2016,768.88,"2,049,300",769.75,769.75,764.66
9/19/2016,765.7,"1,172,800",772.42,774,764.44
9/20/2016,771.41,"978,600",769,773.33,768.53
9/21/2016,776.22,"1,167,800",772.66,777.16,768.3
9/22/2016,787.21,"1,486,200",780,789.85,778.44
9/23/2016,786.9,"1,411,900",786.59,788.93,784.15
9/26/2016,774.21,"1,533,200",782.74,782.74,773.07
9/27/2016,783.01,"1,153,200",775.5,785.99,774.31
9/28/2016,781.56,"1,109,800",777.85,781.81,774.97
9/29/2016,775.01,"1,314,700",781.44,785.8,774.23
9/30/2016,777.29,"1,585,300",776.33,780.94,774.09
10/3/2016,772.56,"1,278,800",774.25,776.07,769.5
10/4/2016,776.43,"1,201,400",776.03,778.71,772.89
10/5/2016,776.47,"1,461,200",779.31,782.07,775.65
10/6/2016,776.86,"1,070,700",779,780.48,775.54
10/7/2016,775.08,"933,200",779.66,779.66,770.75
10/10/2016,785.94,"1,174,900",777.71,789.38,775.87
10/11/2016,783.07,"1,372,500",786.66,792.28,780.58
10/12/2016,786.14,"937,400",783.76,788.13,782.06
10/13/2016,778.19,"1,365,300",781.22,781.22,773
10/14/2016,778.53,"852,500",781.65,783.95,776
10/17/2016,779.96,"1,093,000",779.8,785.85,777.5
10/18/2016,795.26,"2,056,900",787.85,801.61,785.57
10/19/2016,801.5,"1,766,800",798.24,804.6,798.03
10/20/2016,796.97,"1,757,500",803.3,803.97,796.03
10/21/2016,799.37,"1,266,200",795,799.5,794
10/24/2016,813.11,"1,697,500",804.9,815.18,804.82
10/25/2016,807.67,"1,576,400",816.68,816.68,805.14
10/26/2016,799.07,"1,647,700",806.34,806.98,796.32
10/27/2016,795.35,"2,749,200",801,803.49,791.5
10/28/2016,795.37,"4,269,900",808.35,815.49,793.59
10/31/2016,784.54,"2,427,300",795.47,796.86,784
11/1/2016,783.61,"2,406,400",782.89,789.49,775.54
11/2/2016,768.7,"1,872,400",778.2,781.65,763.45
11/3/2016,762.13,"1,943,200",767.25,769.95,759.03
11/4/2016,762.02,"2,134,800",750.66,770.36,750.56
11/7/2016,782.52,"1,585,100",774.5,785.19,772.55
11/8/2016,790.51,"1,366,900",783.4,795.63,780.19
11/9/2016,785.31,"2,607,100",779.94,791.23,771.67
11/10/2016,762.56,"4,745,200",791.17,791.17,752.18
11/11/2016,754.02,"2,431,800",756.54,760.78,750.38
11/14/2016,736.08,"3,654,400",755.6,757.85,727.54
11/15/2016,758.49,"2,384,000",746.97,764.42,746.97
11/16/2016,764.48,"1,472,600",755.2,766.36,750.51
11/17/2016,771.23,"1,304,000",766.92,772.7,764.23
11/18/2016,760.54,"1,547,100",771.37,775,760
11/21/2016,769.2,"1,330,600",762.61,769.7,760.6
11/22/2016,768.27,"1,593,100",772.63,776.96,767
11/23/2016,760.99,"1,478,400",767.73,768.28,755.25
11/25/2016,761.68,"587,400",764.26,765,760.52
11/28/2016,768.24,"2,188,200",760,779.53,759.8
11/29/2016,770.84,"1,616,600",771.53,778.5,768.24
11/30/2016,758.04,"2,392,900",770.07,772.99,754.83
12/1/2016,747.92,"3,017,900",757.44,759.85,737.03
12/2/2016,750.5,"1,452,500",744.59,754,743.1
12/5/2016,762.52,"1,394,200",757.71,763.9,752.9
12/6/2016,759.11,"1,690,700",764.73,768.83,757.34
12/7/2016,771.19,"1,761,000",761,771.36,755.8
12/8/2016,776.42,"1,488,100",772.48,778.18,767.23
12/9/2016,789.29,"1,821,900",780,789.43,779.02
12/12/2016,789.27,"2,104,100",785.04,791.25,784.35
12/13/2016,796.1,"2,145,200",793.9,804.38,793.34
12/14/2016,797.07,"1,704,200",797.4,804,794.01
12/15/2016,797.85,"1,626,500",797.34,803,792.92
12/16/2016,790.8,"2,443,800",800.4,800.86,790.29
12/19/2016,794.2,"1,232,100",790.22,797.66,786.27
12/20/2016,796.42,"951,000",796.76,798.65,793.27
12/21/2016,794.56,"1,211,300",795.84,796.68,787.1
12/22/2016,791.26,"972,200",792.36,793.32,788.58
12/23/2016,789.91,"623,400",790.9,792.74,787.28
12/27/2016,791.55,"789,100",790.68,797.86,787.66
12/28/2016,785.05,"1,153,800",793.7,794.23,783.2
12/29/2016,782.79,"744,300",783.33,785.93,778.92
12/30/2016,771.82,"1,770,000",782.75,782.78,770.41
